<?xml version="1.0" encoding="utf-8" ?>
<Letras>
  <Tabela>
    <campo>A</campo>
  </Tabela>
  <Tabela>
    <campo>B</campo>
  </Tabela>
  <Tabela>
    <campo>C</campo>
  </Tabela>
  <Tabela>
    <campo>D</campo>
  </Tabela>
  <Tabela>
    <campo>E</campo>
  </Tabela>
  <Tabela>
    <campo>F</campo>
  </Tabela>
  <Tabela>
    <campo>G</campo>
  </Tabela>
  <Tabela>
    <campo>H</campo>
  </Tabela>
  <Tabela>
    <campo>I</campo>
  </Tabela>
  <Tabela>
    <campo>J</campo>
  </Tabela>
  <Tabela>
    <campo>K</campo>
  </Tabela>
  <Tabela>
    <campo>L</campo>
  </Tabela>
  <Tabela>
    <campo>M</campo>
  </Tabela>
  <Tabela>
    <campo>N</campo>
  </Tabela>
  <Tabela>
    <campo>O</campo>
  </Tabela>
  <Tabela>
    <campo>P</campo>
  </Tabela>
  <Tabela>
    <campo>Q</campo>
  </Tabela>
  <Tabela>
    <campo>R</campo>
  </Tabela>
  <Tabela>
    <campo>S</campo>
  </Tabela>
  <Tabela>
    <campo>T</campo>
  </Tabela>
  <Tabela>
    <campo>U</campo>
  </Tabela>
  <Tabela>
    <campo>V</campo>
  </Tabela>
  <Tabela>
    <campo>W</campo>
  </Tabela>
  <Tabela>
    <campo>X</campo>
  </Tabela>
  <Tabela>
    <campo>Y</campo>
  </Tabela>
  <Tabela>
    <campo>Z</campo>
  </Tabela>
  <Tabela>
    <campo>TODOS</campo>
  </Tabela>
</Letras>


