<request>
  <orders>
    <order reference="" total="">
      <consumer>
        <person name="0" cpf="0" gender="M">
          <emails>
            <email address="" />
          </emails>
          <phones>
            <phone type="home" countryCode="55" ddd="0" number="0" />
          </phones>
          <billingAddress location="0" number="0" complement="" district="0" postalCode="0" city="0" state="0" country="Brasil" />
        </person>
      </consumer>
      <detail>
        <itens>
          <item code="0" value="0" quantity="0" description="0" />
        </itens>
        <rates>
          <rate type="shipping" amount="0" description="0" />
        </rates>
      </detail>
      <payments>
        <payment amount="0001" form="42">
          <paymentFormDetail>
            <boletoInformationIPTE>
              <IPTE></IPTE>
              <instructions>Pagável em Rede Bancária. Após vencimento, contatar: 4004-0199 para Capitais e Regiões Metropolitanas 0800 – 7030199 para demais localidades.</instructions>
              <dueDate></dueDate>
              <Contrato></Contrato>
            </boletoInformationIPTE>
          </paymentFormDetail>
          <installments quantity ="1"/>
        </payment>
      </payments>
    </order>
  </orders>
</request>
